{
  "hash": "2280f9a0",
  "configHash": "69246826",
  "lockfileHash": "225f1cf0",
  "browserHash": "4d0f148b",
  "optimized": {
    "@angular/common": {
      "src": "../../../../../../node_modules/@angular/common/fesm2022/common.mjs",
      "file": "@angular_common.js",
      "fileHash": "4926f180",
      "needsInterop": false
    },
    "@angular/common/http": {
      "src": "../../../../../../node_modules/@angular/common/fesm2022/http.mjs",
      "file": "@angular_common_http.js",
      "fileHash": "6698a113",
      "needsInterop": false
    },
    "@angular/core": {
      "src": "../../../../../../node_modules/@angular/core/fesm2022/core.mjs",
      "file": "@angular_core.js",
      "fileHash": "56e1bb11",
      "needsInterop": false
    },
    "@angular/forms": {
      "src": "../../../../../../node_modules/@angular/forms/fesm2022/forms.mjs",
      "file": "@angular_forms.js",
      "fileHash": "2354c551",
      "needsInterop": false
    },
    "@angular/platform-browser": {
      "src": "../../../../../../node_modules/@angular/platform-browser/fesm2022/platform-browser.mjs",
      "file": "@angular_platform-browser.js",
      "fileHash": "2504d2c8",
      "needsInterop": false
    },
    "@angular/router": {
      "src": "../../../../../../node_modules/@angular/router/fesm2022/router.mjs",
      "file": "@angular_router.js",
      "fileHash": "322b2c03",
      "needsInterop": false
    },
    "ngx-cookie-service": {
      "src": "../../../../../../node_modules/ngx-cookie-service/fesm2022/ngx-cookie-service.mjs",
      "file": "ngx-cookie-service.js",
      "fileHash": "aef1725f",
      "needsInterop": false
    }
  },
  "chunks": {
    "chunk-UHBSRND5": {
      "file": "chunk-UHBSRND5.js"
    },
    "chunk-IKVH7PRJ": {
      "file": "chunk-IKVH7PRJ.js"
    },
    "chunk-WO5MIYPJ": {
      "file": "chunk-WO5MIYPJ.js"
    },
    "chunk-BFKPYFAZ": {
      "file": "chunk-BFKPYFAZ.js"
    },
    "chunk-KUA6TBKJ": {
      "file": "chunk-KUA6TBKJ.js"
    }
  }
}